{
  "cm": [
    [
      10,
      0
    ],
    [
      1,
      6
    ]
  ],
  "accuracy": 0.9411764705882353,
  "precision": 0.9090909090909091,
  "recall": 1.0,
  "f1": 0.9523809523809523,
  "far": 0.14285714285714285,
  "frr": 0.0
}